{


  "Routes": [
    {
      "DownstreamPathTemplate": "/weatherforecast",
      "DownstreamScheme": "http",
      //"DownstreamHeaderTransform": {
      //  "Content-Type": "application/json",
      //  "token": "dR$545#h^jjmanJ"
      //},
      "DownstreamHttpMethod": "GET",
      "DownstreamHostAndPorts": [
        {
          "Host": "115.113.250.99",
          "Port": 8080
        }
      ],
      "UpstreamPathTemplate": "/gateway/getdata",
      "UpstreamHttpMethod": [ "GET" ]
    }
  ]
  //"GlobalConfiguration": {
  //  //"BaseUrl": "http://localhost:5269"
  //}
}